{"vectorArray":[{"x":-1.309999942779541,"y":-0.4099999964237213,"z":-3.549999952316284},{"x":1.309999942779541,"y":-0.4099999964237213,"z":-5.090000152587891},{"x":2.640000104904175,"y":-0.4099999964237213,"z":-2.0299999713897707},{"x":2.640000104904175,"y":-0.4099999964237213,"z":-5.090000152587891}]}