{"vectorArray":[{"x":-1.309999942779541,"y":0.2800000011920929,"z":-5.090000152587891},{"x":0.0,"y":-0.4099999964237213,"z":-5.090000152587891},{"x":-2.6389999389648439,"y":-0.4099999964237213,"z":-5.090000152587891},{"x":2.640000104904175,"y":-0.9150000214576721,"z":-5.090000152587891}]}